{"cameraMode":{"drawMode":0,"name":"Shaded","section":"Shading Mode"},"sceneLighting":false,"audioPlay":false,"sceneViewState":{"showFog":true,"showMaterialUpdate":false,"showSkybox":false,"showFlares":true,"showImageEffects":true,"showParticleSystems":true},"in2DMode":false,"pivot":{"x":0.17159101366996766,"y":-0.0898701548576355,"z":1.7881393432617188e-7},"rotation":{"x":-0.48269423842430117,"y":-0.04017408937215805,"z":0.022172491997480394,"w":-0.8745864629745483},"size":4.602081298828125,"orthographic":false}