{"cameraMode":{"drawMode":0,"name":"Shaded","section":"Shading Mode"},"sceneLighting":true,"audioPlay":false,"sceneViewState":{"showFog":true,"showMaterialUpdate":false,"showSkybox":true,"showFlares":true,"showImageEffects":true,"showParticleSystems":true},"in2DMode":false,"pivot":{"x":2.5206189155578615,"y":1.067550539970398,"z":-1.0323123931884766},"rotation":{"x":-0.48269423842430117,"y":-0.04017408937215805,"z":0.022172491997480394,"w":-0.8745864629745483},"size":15.195709228515625,"orthographic":false}